{
	"version": 1,
	"changelists": [
		{
			"guid": "00000000000000000000000000000000",
			"description": "Default Uncontrolled Changelist",
			"files": [
				"C:/Users/yanfub2/Desktop/Benson_Bai_MP1/Content/InfiniteMatrix/Blueprints/BP_Tunnel.uasset",
				"C:/Users/yanfub2/Desktop/Benson_Bai_MP1/Content/InfiniteMatrix/Blueprints/BP_Player.uasset",
				"C:/Users/yanfub2/Desktop/Benson_Bai_MP1/Content/InfiniteMatrix/Meshes/SM_HealthPack.uasset",
				"C:/Users/yanfub2/Desktop/Benson_Bai_MP1/Content/InfiniteMatrix/Materials/Ml_Health.uasset",
				"C:/Users/yanfub2/Desktop/Benson_Bai_MP1/Content/InfiniteMatrix/Blueprints/BP_HealthPack.uasset",
				"C:/Users/yanfub2/Desktop/Benson_Bai_MP1/Content/InfiniteMatrix/Maps/TutorialMap.umap",
				"C:/Users/yanfub2/Desktop/Benson_Bai_MP1/Content/InfiniteMatrix/Blueprints/BP_TunnelSpawner.uasset",
				"C:/Users/yanfub2/Desktop/Benson_Bai_MP1/Content/InfiniteMatrix/UI/HealthWidget.uasset",
				"C:/Users/yanfub2/Desktop/Benson_Bai_MP1/Content/FirstPerson/Blueprints/BP_FirstPersonProjectile.uasset",
				"C:/Users/yanfub2/Desktop/Benson_Bai_MP1/Content/FPWeapon/Materials/Ml_Projectile.uasset",
				"C:/Users/yanfub2/Desktop/Benson_Bai_MP1/Content/InfiniteMatrix/Meshes/SM_Enemy.uasset",
				"C:/Users/yanfub2/Desktop/Benson_Bai_MP1/Content/InfiniteMatrix/Blueprints/BP_Enemy.uasset",
				"C:/Users/yanfub2/Desktop/Benson_Bai_MP1/Content/FPWeapon/Mesh/FirstPersonProjectileMesh.uasset",
				"C:/Users/yanfub2/Desktop/Benson_Bai_MP1/Content/InfiniteMatrix/Materials/MI_Hole.uasset",
				"C:/Users/yanfub2/Desktop/Benson_Bai_MP1/Content/InfiniteMatrix/UI/PauseMenu.uasset",
				"C:/Users/yanfub2/Desktop/Benson_Bai_MP1/Content/InfiniteMatrix/UI/ScoreWidget.uasset",
				"C:/Users/yanfub2/Desktop/Benson_Bai_MP1/Content/FPWeapon/Materials/Ml_Enemy.uasset",
				"C:/Users/yanfub2/Downloads/InfiniteMatrixStarterProject/InfiniteMatrixStarterProject/InfiniteMatrixStarter/Content/InfiniteMatrix/UI/ScoreWidget.uasset",
				"C:/Users/yanfub2/Downloads/InfiniteMatrixStarterProject/InfiniteMatrixStarterProject/InfiniteMatrixStarter/Content/InfiniteMatrix/Blueprints/BP_Player.uasset",
				"C:/Users/yanfub2/Downloads/InfiniteMatrixStarterProject/InfiniteMatrixStarterProject/InfiniteMatrixStarter/Content/InfiniteMatrix/Blueprints/BP_Tunnel.uasset",
				"C:/Users/yanfub2/Downloads/InfiniteMatrixStarterProject/InfiniteMatrixStarterProject/InfiniteMatrixStarter/Content/InfiniteMatrix/Maps/TutorialMap.umap",
				"C:/Users/yanfub2/Downloads/InfiniteMatrixStarterProject/InfiniteMatrixStarterProject/InfiniteMatrixStarter/Content/InfiniteMatrix/Meshes/SM_HealthPack.uasset",
				"C:/Users/yanfub2/Downloads/InfiniteMatrixStarterProject/InfiniteMatrixStarterProject/InfiniteMatrixStarter/Content/InfiniteMatrix/Materials/Material.uasset",
				"C:/Users/yanfub2/Downloads/InfiniteMatrixStarterProject/InfiniteMatrixStarterProject/InfiniteMatrixStarter/Content/InfiniteMatrix/Blueprints/BP_TunnelSpawner.uasset",
				"C:/Users/yanfub2/Downloads/InfiniteMatrixStarterProject/InfiniteMatrixStarterProject/InfiniteMatrixStarter/Content/InfiniteMatrix/Meshes/Material.uasset",
				"C:/Users/yanfub2/Downloads/InfiniteMatrixStarterProject/InfiniteMatrixStarterProject/InfiniteMatrixStarter/Content/InfiniteMatrix/Blueprints/BP_HealthSpawner.uasset",
				"C:/Users/yanfub2/Downloads/InfiniteMatrixStarterProject/InfiniteMatrixStarterProject/InfiniteMatrixStarter/Content/InfiniteMatrix/Blueprints/BP_HealthPack.uasset",
				"C:/Users/yanfub2/Desktop/bp/bp/InfiniteMatrixStarterProject/InfiniteMatrixStarter/Content/InfiniteMatrix/UI/H.uasset",
				"C:/Users/yanfub2/Desktop/bp/bp/InfiniteMatrixStarterProject/InfiniteMatrixStarter/Content/InfiniteMatrix/UI/Health.uasset",
				"C:/Users/yanfub2/Desktop/bp/bp/InfiniteMatrixStarterProject/InfiniteMatrixStarter/Content/InfiniteMatrix/UI/HealthWidget.uasset",
				"C:/Users/yanfub2/Desktop/bp/bp/InfiniteMatrixStarterProject/InfiniteMatrixStarter/Content/InfiniteMatrix/Materials/Material.uasset",
				"C:/Users/yanfub2/Desktop/bp/bp/InfiniteMatrixStarterProject/InfiniteMatrixStarter/Content/InfiniteMatrix/Blueprints/BP_Player.uasset",
				"C:/Users/yanfub2/Desktop/bp/bp/InfiniteMatrixStarterProject/InfiniteMatrixStarter/Content/InfiniteMatrix/Meshes/SM_HealthPack.uasset",
				"C:/Users/yanfub2/Desktop/bp/bp/InfiniteMatrixStarterProject/InfiniteMatrixStarter/Content/InfiniteMatrix/Meshes/SM_Enemy.uasset",
				"C:/Users/yanfub2/Downloads/InfiniteMatrixStarterProject/InfiniteMatrixStarter/Content/InfiniteMatrix/Blueprints/BP_TunnelSpawner.uasset",
				"C:/Users/yanfub2/Downloads/InfiniteMatrixStarterProject/InfiniteMatrixStarter/Content/InfiniteMatrix/Maps/TutorialMap.umap",
				"C:/Users/yanfub2/Downloads/InfiniteMatrixStarterProject/InfiniteMatrixStarter/Content/InfiniteMatrix/Blueprints/BP_Tunnel.uasset",
				"C:/Users/yanfub2/Downloads/InfiniteMatrixStarterProject/InfiniteMatrixStarter/Content/InfiniteMatrix/Blueprints/BP_Player.uasset",
				"C:/Users/yanfub2/Downloads/InfiniteMatrixStarterProject/InfiniteMatrixStarter/Content/InfiniteMatrix/UI/WBP_Restart.uasset"
			]
		}
	]
}